<!-- applicationContext.xml -->

<beans xmlns="http://www.springframework.org/schema/beans"
      xmlns:mvc="http://www.springframework.org/schema/mvc"
    xmlns:xsi="http://www.w3.org/2001/XMLSchema-instance"
    xmlns:context="http://www.springframework.org/schema/context"
    xmlns:tx="http://www.springframework.org/schema/tx"
    xsi:schemaLocation="
        http://www.springframework.org/schema/beans http://www.springframework.org/schema/beans/spring-beans.xsd
        http://www.springframework.org/schema/context http://www.springframework.org/schema/context/spring-context.xsd
        http://www.springframework.org/schema/tx http://www.springframework.org/schema/tx/spring-tx.xsd
        http://www.springframework.org/schema/mvc
        http://www.springframework.org/schema/mvc/spring-mvc.xsd">

    <context:annotation-config/>
    <context:component-scan base-package="com.oakland"/>

    <bean id="dataSource" class="org.springframework.jdbc.datasource.DriverManagerDataSource">
        <property name="driverClassName" value="com.mysql.jdbc.Driver"/> <!-- Replace with your database driver -->
        <property name="url" value="jdbc:mysql://localhost:3306/your_database"/> <!-- Replace with your database URL -->
        <property name="username" value="root"/> <!-- Replace with your database username -->
        <property name="password" value="root"/> <!-- Replace with your database password -->
    </bean>

    <bean id="sessionFactory" class="org.springframework.orm.hibernate5.LocalSessionFactoryBean">
        <property name="dataSource" ref="dataSource"/>
        <property name="packagesToScan" value="com.oakland.model"/> <!-- Replace with your entity package name -->
        <property name="hibernateProperties">
            <props>
                <prop key="hibernate.dialect">org.hibernate.dialect.MySQLDialect</prop> <!-- Replace with your database dialect -->
                <prop key="hibernate.show_sql">true</prop> <!-- Set to "true" to enable SQL logging -->
                <prop key="hibernate.hbm2ddl.auto">update</prop> <!-- Set to "update" to automatically update the schema -->
            </props>
        </property>
    </bean>

    <bean id="transactionManager" class="org.springframework.orm.hibernate5.HibernateTransactionManager">
        <property name="sessionFactory" ref="sessionFactory"/>
    </bean>
     
     <!-- Configure the ViewResolver for JSP views -->
<bean id="viewResolver" class="org.springframework.web.servlet.view.InternalResourceViewResolver">
    <property name="prefix" value="/WEB-INF/pages/" /> <!-- Location of your JSP files -->
    <property name="suffix" value=".jsp" /> <!-- File extension of your JSP files -->

</bean>
 
     
    <tx:annotation-driven/>
</beans>



